CREATE DATABASE  IF NOT EXISTS `shiro` /*!40100 DEFAULT CHARACTER SET utf8 */;
USE `shiro`;
-- MySQL dump 10.13  Distrib 5.7.17, for Win64 (x86_64)
--
-- Host: localhost    Database: shiro
-- ------------------------------------------------------
-- Server version	5.6.36-log

/*!40101 SET @OLD_CHARACTER_SET_CLIENT=@@CHARACTER_SET_CLIENT */;
/*!40101 SET @OLD_CHARACTER_SET_RESULTS=@@CHARACTER_SET_RESULTS */;
/*!40101 SET @OLD_COLLATION_CONNECTION=@@COLLATION_CONNECTION */;
/*!40101 SET NAMES utf8 */;
/*!40103 SET @OLD_TIME_ZONE=@@TIME_ZONE */;
/*!40103 SET TIME_ZONE='+00:00' */;
/*!40014 SET @OLD_UNIQUE_CHECKS=@@UNIQUE_CHECKS, UNIQUE_CHECKS=0 */;
/*!40014 SET @OLD_FOREIGN_KEY_CHECKS=@@FOREIGN_KEY_CHECKS, FOREIGN_KEY_CHECKS=0 */;
/*!40101 SET @OLD_SQL_MODE=@@SQL_MODE, SQL_MODE='NO_AUTO_VALUE_ON_ZERO' */;
/*!40111 SET @OLD_SQL_NOTES=@@SQL_NOTES, SQL_NOTES=0 */;

--
-- Table structure for table `sys_permission`
--

DROP TABLE IF EXISTS `sys_permission`;
/*!40101 SET @saved_cs_client     = @@character_set_client */;
/*!40101 SET character_set_client = utf8 */;
CREATE TABLE `sys_permission` (
  `id` bigint(20) NOT NULL AUTO_INCREMENT,
  `available` bit(1) DEFAULT NULL,
  `name` varchar(255) DEFAULT NULL,
  `parent_id` bigint(20) DEFAULT NULL,
  `parent_ids` varchar(255) DEFAULT NULL,
  `permission` varchar(255) DEFAULT NULL,
  `resource_type` enum('menu','button') DEFAULT NULL,
  `url` varchar(255) DEFAULT NULL,
  PRIMARY KEY (`id`)
) ENGINE=InnoDB AUTO_INCREMENT=4 DEFAULT CHARSET=utf8;
/*!40101 SET character_set_client = @saved_cs_client */;

--
-- Dumping data for table `sys_permission`
--

LOCK TABLES `sys_permission` WRITE;
/*!40000 ALTER TABLE `sys_permission` DISABLE KEYS */;
INSERT INTO `sys_permission` VALUES (1,'','用户管理',0,'0/','userInfo:view','menu','userInfo/userList'),(2,'','用户添加',1,'0/1','userInfo:add','button','userInfo/userAdd'),(3,'','用户删除',1,'0/1','userInfo:del','button','userInfo/userDel');
/*!40000 ALTER TABLE `sys_permission` ENABLE KEYS */;
UNLOCK TABLES;

--
-- Table structure for table `sys_role`
--

DROP TABLE IF EXISTS `sys_role`;
/*!40101 SET @saved_cs_client     = @@character_set_client */;
/*!40101 SET character_set_client = utf8 */;
CREATE TABLE `sys_role` (
  `id` bigint(20) NOT NULL AUTO_INCREMENT,
  `available` bit(1) DEFAULT NULL,
  `description` varchar(255) DEFAULT NULL,
  `role` varchar(255) DEFAULT NULL,
  PRIMARY KEY (`id`)
) ENGINE=InnoDB AUTO_INCREMENT=3 DEFAULT CHARSET=utf8;
/*!40101 SET character_set_client = @saved_cs_client */;

--
-- Dumping data for table `sys_role`
--

LOCK TABLES `sys_role` WRITE;
/*!40000 ALTER TABLE `sys_role` DISABLE KEYS */;
INSERT INTO `sys_role` VALUES (1,'','管理员','admin'),(2,'','VIP会员','vip');
/*!40000 ALTER TABLE `sys_role` ENABLE KEYS */;
UNLOCK TABLES;

--
-- Table structure for table `sys_role_permission`
--

DROP TABLE IF EXISTS `sys_role_permission`;
/*!40101 SET @saved_cs_client     = @@character_set_client */;
/*!40101 SET character_set_client = utf8 */;
CREATE TABLE `sys_role_permission` (
  `permission_id` bigint(20) NOT NULL,
  `role_id` bigint(20) NOT NULL,
  KEY `FK9q28ewrhntqeipl1t04kh1be7` (`role_id`),
  KEY `FKomxrs8a388bknvhjokh440waq` (`permission_id`),
  CONSTRAINT `FK9q28ewrhntqeipl1t04kh1be7` FOREIGN KEY (`role_id`) REFERENCES `sys_role` (`id`),
  CONSTRAINT `FKomxrs8a388bknvhjokh440waq` FOREIGN KEY (`permission_id`) REFERENCES `sys_permission` (`id`)
) ENGINE=InnoDB DEFAULT CHARSET=utf8;
/*!40101 SET character_set_client = @saved_cs_client */;

--
-- Dumping data for table `sys_role_permission`
--

LOCK TABLES `sys_role_permission` WRITE;
/*!40000 ALTER TABLE `sys_role_permission` DISABLE KEYS */;
INSERT INTO `sys_role_permission` VALUES (3,1),(3,1),(1,2),(2,2),(2,1);
/*!40000 ALTER TABLE `sys_role_permission` ENABLE KEYS */;
UNLOCK TABLES;

--
-- Table structure for table `sys_user_role`
--

DROP TABLE IF EXISTS `sys_user_role`;
/*!40101 SET @saved_cs_client     = @@character_set_client */;
/*!40101 SET character_set_client = utf8 */;
CREATE TABLE `sys_user_role` (
  `role_id` bigint(20) NOT NULL,
  `uid` bigint(20) NOT NULL,
  KEY `FKgkmyslkrfeyn9ukmolvek8b8f` (`uid`),
  KEY `FKhh52n8vd4ny9ff4x9fb8v65qx` (`role_id`),
  CONSTRAINT `FKgkmyslkrfeyn9ukmolvek8b8f` FOREIGN KEY (`uid`) REFERENCES `user_info` (`uid`),
  CONSTRAINT `FKhh52n8vd4ny9ff4x9fb8v65qx` FOREIGN KEY (`role_id`) REFERENCES `sys_role` (`id`)
) ENGINE=InnoDB DEFAULT CHARSET=utf8;
/*!40101 SET character_set_client = @saved_cs_client */;

--
-- Dumping data for table `sys_user_role`
--

LOCK TABLES `sys_user_role` WRITE;
/*!40000 ALTER TABLE `sys_user_role` DISABLE KEYS */;
INSERT INTO `sys_user_role` VALUES (1,1),(1,2);
/*!40000 ALTER TABLE `sys_user_role` ENABLE KEYS */;
UNLOCK TABLES;

--
-- Table structure for table `user_info`
--

DROP TABLE IF EXISTS `user_info`;
/*!40101 SET @saved_cs_client     = @@character_set_client */;
/*!40101 SET character_set_client = utf8 */;
CREATE TABLE `user_info` (
  `uid` bigint(20) NOT NULL AUTO_INCREMENT,
  `name` varchar(255) DEFAULT NULL,
  `password` varchar(255) DEFAULT NULL,
  `salt` varchar(255) DEFAULT NULL,
  `state` tinyint(4) NOT NULL,
  `username` varchar(255) DEFAULT NULL,
  PRIMARY KEY (`uid`),
  UNIQUE KEY `UK_f2ksd6h8hsjtd57ipfq9myr64` (`username`)
) ENGINE=InnoDB AUTO_INCREMENT=3 DEFAULT CHARSET=utf8;
/*!40101 SET character_set_client = @saved_cs_client */;

--
-- Dumping data for table `user_info`
--

LOCK TABLES `user_info` WRITE;
/*!40000 ALTER TABLE `user_info` DISABLE KEYS */;
INSERT INTO `user_info` VALUES (1,'管理员','123456','8d78869f470951332959580424d4bf4f',0,'admin'),(2,'管理员','123','1232134124',0,'xjl');
/*!40000 ALTER TABLE `user_info` ENABLE KEYS */;
UNLOCK TABLES;
/*!40103 SET TIME_ZONE=@OLD_TIME_ZONE */;

/*!40101 SET SQL_MODE=@OLD_SQL_MODE */;
/*!40014 SET FOREIGN_KEY_CHECKS=@OLD_FOREIGN_KEY_CHECKS */;
/*!40014 SET UNIQUE_CHECKS=@OLD_UNIQUE_CHECKS */;
/*!40101 SET CHARACTER_SET_CLIENT=@OLD_CHARACTER_SET_CLIENT */;
/*!40101 SET CHARACTER_SET_RESULTS=@OLD_CHARACTER_SET_RESULTS */;
/*!40101 SET COLLATION_CONNECTION=@OLD_COLLATION_CONNECTION */;
/*!40111 SET SQL_NOTES=@OLD_SQL_NOTES */;

-- Dump completed on 2018-03-20 10:35:50
